Panama,cwp,Monday,1/01/2024,14/03/2023
Panama,cwp,Tuesday,9/01/2024,14/03/2023
Panama,cwp,Tuesday,13/02/2024,14/03/2023
Panama,cwp,Thursday,28/03/2024,14/03/2023
Panama,cwp,Friday,29/03/2024,14/03/2023
Panama,cwp,Wednesday,1/05/2024,14/03/2023
Panama,cwp,Wednesday,1/07/2024,14/03/2023
Panama,cwp,Sunday,3/11/2024,14/03/2023
Panama,cwp,Monday,4/11/2024,14/03/2023
Panama,cwp,Tuesday,5/11/2024,14/03/2023
Panama,cwp,Sunday,10/11/2024,14/03/2023
Panama,cwp,Monday,11/11/2024,14/03/2023
Panama,cwp,Thursday,28/11/2024,14/03/2023
Panama,cwp,Sunday,8/12/2024,14/03/2023
Panama,cwp,Monday,9/12/2024,14/03/2023
Panama,cwp,Friday,20/12/2024,14/03/2023
Panama,cwp,Wednesday,25/12/2024,14/03/2023
